[
    {
        "Extras":
        [
            2,
            5
        ],
        "Milliseconds": 75
    },
    {
        "Extras": [],
        "Milliseconds": 75
    },
    {
        "Extras":
        [
            2,
            5
        ],
        "Milliseconds": 75
    },
    {
        "Extras":
        [
            3,
            6
        ],
        "Milliseconds": 75
    },
    {
        "Extras": [],
        "Milliseconds": 75
    },
    {
        "Extras":
        [
            3,
            6
        ],
        "Milliseconds": 75
    }
]