{
    "leds": [{
            "Extras": [
                9
            ],
            "Milliseconds": 120
        },
        {
            "Extras": [],
            "Milliseconds": 120
        },
        {
            "Extras": [
                7
            ],
            "Milliseconds": 120
        },
        {
            "Extras": [],
            "Milliseconds": 120
        }
    ],
    "btp": [{
            "Extras": [
                9
            ],
            "Milliseconds": 120
        },
        {
            "Extras": [],
            "Milliseconds": 120
        },
        {
            "Extras": [
                7
            ],
            "Milliseconds": 120
        },
        {
            "Extras": [],
            "Milliseconds": 120
        }
    ],
    "rotator": [{
            "Extras": [
                9
            ],
            "Milliseconds": 240
        },
        {
            "Extras": [],
            "Milliseconds": 240
        },
        {
            "Extras": [
                7
            ],
            "Milliseconds": 240
        },
        {
            "Extras": [],
            "Milliseconds": 240
        }
    ],
    "mpu": [{
            "Extras": [
                6
            ],
            "Milliseconds": 240
        },
        {
            "Extras": [],
            "Milliseconds": 240
        }
    ],
    "lfbtl": [{
        "Extras": [
            1
        ],
        "Milliseconds": 240
    },
    {
        "Extras": [
            4
        ],
        "Milliseconds": 240
    }
],
    "21cellvan": [{
        "Extras": [
            1,
            9
        ],
        "Milliseconds": 120
    },
    {
        "Extras": [],
        "Milliseconds": 120
    },
    {
        "Extras": [
            4,
            7
        ],
        "Milliseconds": 120
    }
    ],
    "lfbrover": [{
        "Extras": [
            9
        ],
        "Milliseconds": 120
    },
    {
        "Extras": [],
        "Milliseconds": 120
    },
    {
        "Extras": [
            7
        ],
        "Milliseconds": 120
    },
    {
        "Extras": [],
        "Milliseconds": 120
    }
    ],
    "jcb": [{
        "Extras": [
            5
        ],
        "Milliseconds": 400
    }
]
}