[
    {
        "Extras":
        [
            2
        ],
        "Milliseconds": 75
    },
    {
        "Extras": [],
        "Milliseconds": 75
    },
    {
        "Extras":
        [
            2
        ],
        "Milliseconds": 75
    },
    {
        "Extras":
        [
            3
        ],
        "Milliseconds": 75
    },
    {
        "Extras": [],
        "Milliseconds": 75
    },
    {
        "Extras":
        [
            3
        ],
        "Milliseconds": 75
    }
]