{
    "extraRotations" : {
        "extra1": [
            {
                "rotateX": "0.0",
                "rotateY": "-1.0",
                "rotateZ": "0.0"
            },
            {
                "rotateX": "-1.0",
                "rotateY": "-1.0",
                "rotateZ": "0.0"
            }
        ],
        "extra2": [
            {
                "rotateX": "0.0",
                "rotateY": "1.0",
                "rotateZ": "0.0"
            },
            {
                "rotateX": "-1.0",
                "rotateY": "1.0",
                "rotateZ": "0.0"
            },
            {
                "rotateX": "-3.0",
                "rotateY": "1.0",
                "rotateZ": "0.0"
            }
        ],
        "extra3": [
            {
                "rotateX": "0.0",
                "rotateY": "1.0",
                "rotateZ": "0.0"
            },
            {
                "rotateX": "1.0",
                "rotateY": "1.0",
                "rotateZ": "0.0"
            },
            {
                "rotateX": "3.0",
                "rotateY": "1.0",
                "rotateZ": "0.0"
            }
        ],
        "extra4": [
            {
                "rotateX": "0.0",
                "rotateY": "-1.0",
                "rotateZ": "0.0"
            },
            {
                "rotateX": "1.0",
                "rotateY": "-1.0",
                "rotateZ": "0.0"
            }
        ],
        "extra7": [
            {
                "rotateX": "0.2",
                "rotateY": "-1.0",
                "rotateZ": "0.0"
            }
        ],
        "extra9": [
            {
                "rotateX": "-0.2",
                "rotateY": "-1.0",
                "rotateZ": "0.0"
            }
        ]
    },
    "extras": {
        "extra1": {
            "enabled": true,
            "allowEnvLight": true,
            "colour": "blue",
            "offSetX": "-0.70",
            "offSetY": "-0.20",
            "offSetZ": "0.50"
        },
        "extra2": {
            "enabled": true,
            "allowEnvLight": true,
            "colour": "blue",
            "offSetX": "-0.25",
            "offSetY": "-0.20",
            "offSetZ": "0.50"
        },
        "extra3": {
            "enabled": true,
            "allowEnvLight": true,
            "colour": "blue",
            "offSetX": "0.25",
            "offSetY": "-0.20",
            "offSetZ": "0.50"
        },
        "extra4": {
            "enabled": true,
            "allowEnvLight": true,
            "colour": "blue",
            "offSetX": "0.70",
            "offSetY": "-0.20",
            "offSetZ": "0.50"
        },
        "extra5": {
            "enabled": true,
            "allowEnvLight": true,
            "colour": "white",
            "offSetX": "-0.70",
            "offSetY": "-0.20",
            "offSetZ": "0.50"
        },
        "extra6": {
            "enabled": true,
            "allowEnvLight": true,
            "colour": "white",
            "offSetX": "0.70",
            "offSetY": "-0.20",
            "offSetZ": "0.50"
        },
        "extra7": {
            "enabled": true,
            "allowEnvLight": true,
            "colour": "red",
            "offSetX": "-0.40",
            "offSetY": "-0.80",
            "offSetZ": "0.40"
        },
        "extra8": {
            "enabled": false,
            "allowEnvLight": true,
            "colour": "red",
            "offSetX": "0.00",
            "offSetY": "-0.80",
            "offSetZ": "0.40"
        },
        "extra9": {
            "enabled": true,
            "allowEnvLight": true,
            "colour": "red",
            "offSetX": "0.40",
            "offSetY": "-0.80",
            "offSetZ": "0.40"
        },
        "extra10": {
            "enabled": true,
            "allowEnvLight": true,
            "colour": "blue",
            "offSetX": "-0.70",
            "offSetY": "-0.20",
            "offSetZ": "0.50"
        },
        "extra11": {
            "enabled": true,
            "allowEnvLight": true,
            "colour": "blue",
            "offSetX": "-0.70",
            "offSetY": "-0.20",
            "offSetZ": "0.50"
        },
        "extra12": {
            "enabled": true,
            "allowEnvLight": true,
            "colour": "blue",
            "offSetX": "-0.70",
            "offSetY": "-0.20",
            "offSetZ": "0.50"
        }
    },
    "lightSetup": {
        "lightPattern": "luke",
        "useDifferentOnScene": false,
        "useCustomLFBPattern": false,
        "seconaryWithPrimary": false,
        "warningWithPrimary": false,
        "rearPrimary": [
            "extra4",
            "extra1"
        ],
        "frontPrimary": [
            "extra3",
            "extra2"
        ]
    },
    "sirens": {
        "enabled": true,
        "bullHorn": true,
        "bullHornSound": "xsiren_rsg_bullhorn_two",
        "sounds": [
            "xsiren_rsg2_longtone",
            "xsiren_rsg2_shorttone",
            "xsiren_rsg2_phaser"
        ]
    },
    "misc": {
        "messageBoard": false,
        "alleyLights": {
            "enabled": false,
            "extra": "11"
        },
        "spotLight": {
            "enabled": false,
            "extra": "1"
        },
        "wigWays": true,
        "seatsCanControl": [
            "-1",
            "0"
        ]
    }
}